[
    {
        "Name": "Caille des blés",
        "Status": "Vulnérable",
        "Genre": "/images/PICoiseau.png"
    },
    {
        "Name": "Perdrix bartavelle",
        "Status": "Vulnérable",
        "Genre": "/images/PICoiseau.png"
    },
    {
        "Name": "Perdrix grise",
        "Status": "En danger critique",
        "Genre": "/images/PICoiseau.png"
    },
    {
        "Name": "Sarcelle d’hiver",
        "Status": "Vulnérable",
        "Genre": "/images/PICoiseau.png"
    },
    {
        "Name": "Harle huppé",
        "Status": "En danger",
        "Genre": "/images/PICoiseau.png"
    },
    {
        "Name": "Tadorne de Belon",
        "Status": "Vulnérable",
        "Genre": "/images/PICoiseau.png"
    },
    {
        "Name": "Grand Tétras",
        "Status": "En danger",
        "Genre": "/images/PICoiseau.png"
    },
    {
        "Name": "Canard chipeau",
        "Status": "Vulnérable",
        "Genre": "/images/PICoiseau.png"
    },
    {
        "Name": "Eider à duvet",
        "Status": "En danger",
        "Genre": "/images/PICoiseau.png"
    },
    {
        "Name": "Fuligule milouin",
        "Status": "En danger",
        "Genre": "/images/PICoiseau.png"
    },
    {
        "Name": "Fuligule nyroca",
        "Status": "En danger",
        "Genre": "/images/PICoiseau.png"
    },
    {
        "Name": "Garrot à œil d’or",
        "Status": "Vulnérable",
        "Genre": "/images/PICoiseau.png"
    },
    {
        "Name": "Fuligule morillon",
        "Status": "Vulnérable",
        "Genre": "/images/PICoiseau.png"
    },
    {
        "Name": "Sarcelle d’été",
        "Status": "En danger",
        "Genre": "/images/PICoiseau.png"
    },
    {
        "Name": "Canard souchet",
        "Status": "Vulnérable",
        "Genre": "/images/PICoiseau.png"
    },
    {
        "Name": "Grèbe à cou noir",
        "Status": "Vulnérable",
        "Genre": "/images/PICoiseau.png"
    },
    {
        "Name": "Tourterelle des bois",
        "Status": "En danger",
        "Genre": "/images/PICoiseau.png"
    },
    {
        "Name": "Engoulevent d’Europe",
        "Status": "En danger",
        "Genre": "/images/PICoiseau.png"
    },
    {
        "Name": "Martinet pâle",
        "Status": "Vulnérable",
        "Genre": "/images/PICoiseau.png"
    },
    {
        "Name": "Râle des genêts",
        "Status": "En danger critique",
        "Genre": "/images/PICoiseau.png"
    },
    {
        "Name": "Circaète Jean-le-Blanc",
        "Status": "Vulnérable",
        "Genre": "/images/PICoiseau.png"
    },
    {
        "Name": "Marouette ponctuée",
        "Status": "Vulnérable",
        "Genre": "/images/PICoiseau.png"
    },
    {
        "Name": "Marouette poussin",
        "Status": "Vulnérable",
        "Genre": "/images/PICoiseau.png"
    },
    {
        "Name": "Marouette de Baillon",
        "Status": "En danger",
        "Genre": "/images/PICoiseau.png"
    },
    {
        "Name": "Blongios nain",
        "Status": "En danger",
        "Genre": "/images/PICoiseau.png"
    },
    {
        "Name": "Huppe fasciée",
        "Status": "Vulnérable",
        "Genre": "/images/PICoiseau.png"
    },
    {
        "Name": "Bihoreau gris",
        "Status": "En danger",
        "Genre": "/images/PICoiseau.png"
    },
    {
        "Name": "Guêpier d’Europe",
        "Status": "Vulnérable",
        "Genre": "/images/PICoiseau.png"
    },
    {
        "Name": "Héron pourpré",
        "Status": "En danger critique",
        "Genre": "/images/PICoiseau.png"
    },
    {
        "Name": "Grande Aigrette",
        "Status": "Vulnérable",
        "Genre": "/images/PICoiseau.png"
    },
    {
        "Name": "Pluvier guignard",
        "Status": "Vulnérable",
        "Genre": "/images/PICoiseau.png"
    },
    {
        "Name": "Chevêche d’Athéna",
        "Status": "En danger",
        "Genre": "/images/PICoiseau.png"
    },
    {
        "Name": "Petit Gravelot",
        "Status": "En danger",
        "Genre": "/images/PICoiseau.png"
    },
    {
        "Name": "Vanneau huppé",
        "Status": "En danger",
        "Genre": "/images/PICoiseau.png"
    },
    {
        "Name": "Courlis cendré",
        "Status": "En danger critique",
        "Genre": "/images/PICoiseau.png"
    },
    {
        "Name": "Petit-duc scops ",
        "Status": "En danger",
        "Genre": "/images/PICoiseau.png"
    },
    {
        "Name": "Bécasse des bois",
        "Status": "Vulnérable",
        "Genre": "/images/PICoiseau.png"
    },
    {
        "Name": "Bécassine des marais",
        "Status": "En danger critique",
        "Genre": "/images/PICoiseau.png"
    },
    {
        "Name": "Chevalier guignette",
        "Status": "En danger",
        "Genre": "/images/PICoiseau.png"
    },
    {
        "Name": "Mouette rieuse",
        "Status": "En danger",
        "Genre": "/images/PICoiseau.png"
    },
    {
        "Name": "Mouette mélanocéphale",
        "Status": "Vulnérable",
        "Genre": "/images/PICoiseau.png"
    },
    {
        "Name": "Goéland cendré",
        "Status": "Vulnérable",
        "Genre": "/images/PICoiseau.png"
    },
    {
        "Name": "Grand-duc d’Europe",
        "Status": "Vulnérable",
        "Genre": "/images/PICoiseau.png"
    },
    {
        "Name": "Gypaète barbu",
        "Status": "En danger critique",
        "Genre": "/images/PICoiseau.png"
    },
    {
        "Name": "Busard des roseaux",
        "Status": "Vulnérable",
        "Genre": "/images/PICoiseau.png"
    },
    {
        "Name": "Busard cendré",
        "Status": "Vulnérable",
        "Genre": "/images/PICoiseau.png"
    },
    {
        "Name": "Martin-pêcheur d’Europe",
        "Status": "Vulnérable",
        "Genre": "/images/PICoiseau.png"
    },
    {
        "Name": "Pic cendré",
        "Status": "En danger",
        "Genre": "/images/PICoiseau.png"
    },
    {
        "Name": "Pic à dos blanc",
        "Status": "Vulnérable",
        "Genre": "/images/PICoiseau.png"
    },
    {
        "Name": "Faucon pèlerin",
        "Status": "Vulnérable",
        "Genre": "/images/PICoiseau.png"
    },
    {
        "Name": "Pie-grièche à tête rousse",
        "Status": "En danger critique",
        "Genre": "/images/PICoiseau.png"
    },
    {
        "Name": "Crave à bec rouge",
        "Status": "En danger",
        "Genre": "/images/PICoiseau.png"
    },
    {
        "Name": "Rémiz penduline",
        "Status": "Vulnérable",
        "Genre": "/images/PICoiseau.png"
    },
    {
        "Name": "Alouette lulu",
        "Status": "Vulnérable",
        "Genre": "/images/PICoiseau.png"
    },
    {
        "Name": "Alouette des champs",
        "Status": "Vulnérable",
        "Genre": "/images/PICoiseau.png"
    },
    {
        "Name": "Cisticole des joncs",
        "Status": "Vulnérable",
        "Genre": "/images/PICoiseau.png"
    },
    {
        "Name": "Hirondelle de rivage",
        "Status": "En danger",
        "Genre": "/images/PICoiseau.png"
    },
    {
        "Name": "Panure à moustaches",
        "Status": "Vulnérable",
        "Genre": "/images/PICoiseau.png"
    },
    {
        "Name": "Hypolaïs ictérine",
        "Status": "En danger",
        "Genre": "/images/PICoiseau.png"
    },
    {
        "Name": "Lusciniole à moustaches",
        "Status": "Vulnérable",
        "Genre": "/images/PICoiseau.png"
    },
    {
        "Name": "Pouillot siffleur",
        "Status": "Vulnérable",
        "Genre": "/images/PICoiseau.png"
    },
    {
        "Name": "Pouillot fitis",
        "Status": "Vulnérable",
        "Genre": "/images/PICoiseau.png"
    },
    {
        "Name": "Bouscarle de Cetti",
        "Status": "Vulnérable",
        "Genre": "/images/PICoiseau.png"
    },
    {
        "Name": "Fauvette des jardins",
        "Status": "Vulnérable",
        "Genre": "/images/PICoiseau.png"
    },
    {
        "Name": "Fauvette épervière",
        "Status": "Vulnérable",
        "Genre": "/images/PICoiseau.png"
    },
    {
        "Name": "Fauvette passerinette",
        "Status": "Vulnérable",
        "Genre": "/images/PICoiseau.png"
    },
    {
        "Name": "Gorgebleue à miroir",
        "Status": "Vulnérable",
        "Genre": "/images/PICoiseau.png"
    },
    {
        "Name": "Gobemouche à collier",
        "Status": "En danger",
        "Genre": "/images/PICoiseau.png"
    },
    {
        "Name": "Monticole bleu",
        "Status": "En danger",
        "Genre": "/images/PICoiseau.png"
    },
    {
        "Name": "Tarier des prés",
        "Status": "Vulnérable",
        "Genre": "/images/PICoiseau.png"
    },
    {
        "Name": "Pipit farlouse",
        "Status": "Vulnérable",
        "Genre": "/images/PICoiseau.png"
    },
    {
        "Name": "Pipit rousseline",
        "Status": "En danger",
        "Genre": "/images/PICoiseau.png"
    },
    {
        "Name": "Bergeronnette printanière",
        "Status": "Vulnérable",
        "Genre": "/images/PICoiseau.png"
    },
    {
        "Name": "Roselin cramoisi",
        "Status": "En danger",
        "Genre": "/images/PICoiseau.png"
    },
    {
        "Name": "Bruant proyer",
        "Status": "En danger critique",
        "Genre": "/images/PICoiseau.png"
    },
    {
        "Name": "Bruant ortolan",
        "Status": "En danger critique",
        "Genre": "/images/PICoiseau.png"
    },
    {
        "Name": "Triton palmé",
        "Status": "Vulnérable",
        "Genre": "/images/PICamphibien.png"
    },
    {
        "Name": "Triton lobé ou ponctué",
        "Status": "En danger",
        "Genre": "/images/PICamphibien.png"
    },
    {
        "Name": "Salamandre tachetée",
        "Status": "Vulnérable",
        "Genre": "/images/PICamphibien.png"
    },
    {
        "Name": "Triton crêté",
        "Status": "En danger",
        "Genre": "/images/PICamphibien.png"
    },
    {
        "Name": "Triton crêté italien",
        "Status": "En danger",
        "Genre": "/images/PICamphibien.png"
    },
    {
        "Name": "Crapaud accoucheur",
        "Status": "Vulnérable",
        "Genre": "/images/PICamphibien.png"
    },
    {
        "Name": "Sonneur à ventre jaune",
        "Status": "Vulnérable",
        "Genre": "/images/PICamphibien.png"
    },
    {
        "Name": "Crapaud calamite",
        "Status": "En danger",
        "Genre": "/images/PICamphibien.png"
    },
    {
        "Name": "Rainette verte",
        "Status": "Vulnérable",
        "Genre": "/images/PICamphibien.png"
    },
    {
        "Name": "Rainette italienne",
        "Status": "En danger",
        "Genre": "/images/PICamphibien.png"
    },
    {
        "Name": "Grenouille verte commune",
        "Status": "Vulnérable",
        "Genre": "/images/PICamphibien.png"
    },
    {
        "Name": "Petite grenouille verte",
        "Status": "Vulnérable",
        "Genre": "/images/PICamphibien.png"
    },
    {
        "Name": "Grenouille agile",
        "Status": "En danger",
        "Genre": "/images/PICamphibien.png"
    },
    {
        "Name": "Grenouille de Lataste",
        "Status": "Vulnérable",
        "Genre": "/images/PICamphibien.png"
    },
    {
        "Name": "Lynx boréal",
        "Status": "En danger",
        "Genre": "/images/PICmammifere.png"
    },
    {
        "Name": "Loup gris",
        "Status": "Vulnérable",
        "Genre": "/images/PICmammifere.png"
    },
    {
        "Name": "Loutre d’Europe",
        "Status": "En danger critique",
        "Genre": "/images/PICmammifere.png"
    },
    {
        "Name": "Lapin de garenne",
        "Status": "En danger",
        "Genre": "/images/PICmammifere.png"
    },
    {
        "Name": "Lièvre brun",
        "Status": "Vulnérable",
        "Genre": "/images/PICmammifere.png"
    },
    {
        "Name": "Putois",
        "Status": "Vulnérable",
        "Genre": "/images/PICmammifere.png"
    },
    {
        "Name": "Musaraigne étrusque",
        "Status": "En danger critique",
        "Genre": "/images/PICmammifere.png"
    },
    {
        "Name": "Souris des moissons",
        "Status": "En danger",
        "Genre": "/images/PICmammifere.png"
    },
    {
        "Name": "Campagnol de Fatio",
        "Status": "En danger",
        "Genre": "/images/PICmammifere.png"
    },
    {
        "Name": "Campagnol de Savi",
        "Status": "En danger",
        "Genre": "/images/PICmammifere.png"
    },
    {
        "Name": "Musaraigne de Miller",
        "Status": "En danger",
        "Genre": "/images/PICmammifere.png"
    },
    {
        "Name": "Rat noir",
        "Status": "En danger",
        "Genre": "/images/PICmammifere.png"
    },
    {
        "Name": "Musaraigne bicolore",
        "Status": "Vulnérable",
        "Genre": "/images/PICmammifere.png"
    },
    {
        "Name": "Musaraigne des jardins",
        "Status": "Vulnérable",
        "Genre": "/images/PICmammifere.png"
    },
    {
        "Name": "Lérotin",
        "Status": "Vulnérable",
        "Genre": "/images/PICmammifere.png"
    },
    {
        "Name": "Muscardin",
        "Status": "Vulnérable",
        "Genre": "/images/PICmammifere.png"
    },
    {
        "Name": "Belette",
        "Status": "Vulnérable",
        "Genre": "/images/PICmammifere.png"
    },
    {
        "Name": "Musaraigne aquatique",
        "Status": "Vulnérable",
        "Genre": "/images/PICmammifere.png"
    },
    {
        "Name": "Cistude d’Europe",
        "Status": "En danger critique",
        "Genre": "/images/PICreptile.png"
    },
    {
        "Name": "Orvet de Vérone",
        "Status": "En danger",
        "Genre": "/images/PICreptile.png"
    },
    {
        "Name": "Lézard agile",
        "Status": "Vulnérable",
        "Genre": "/images/PICreptile.png"
    },
    {
        "Name": "Lézard vert",
        "Status": "Vulnérable",
        "Genre": "/images/PICreptile.png"
    },
    {
        "Name": "Coronelle lisse",
        "Status": "En danger",
        "Genre": "/images/PICreptile.png"
    },
    {
        "Name": "Couleuvre verte et jaune",
        "Status": "En danger",
        "Genre": "/images/PICreptile.png"
    },
    {
        "Name": "Couleuvre à collier helvétique",
        "Status": "En danger",
        "Genre": "/images/PICreptile.png"
    },
    {
        "Name": "Couleuvre vipérine",
        "Status": "En danger critique",
        "Genre": "/images/PICreptile.png"
    },
    {
        "Name": "Couleuvre à collier nordique",
        "Status": "En danger",
        "Genre": "/images/PICreptile.png"
    },
    {
        "Name": "Couleuvre tessellée",
        "Status": "En danger",
        "Genre": "/images/PICreptile.png"
    },
    {
        "Name": "Vipère aspic",
        "Status": "En danger",
        "Genre": "/images/PICreptile.png"
    },
    {
        "Name": "Vipère péliade",
        "Status": "En danger",
        "Genre": "/images/PICreptile.png"
    },
    {
        "Name": "Couleuvre d'Esculape",
        "Status": "En danger",
        "Genre": "/images/PICreptile.png"
    }
]